{"0": [0.0, 0.003216769524690843, 0.0, 0.0, 0.0, 0.0, 0.0, 0.0, 0.0, 0.0, 0.0, 0.0, 0.0, 0.0, 0.0, 0.0, 0.0, 0.0, 0.0, 0.0, 0.0, 0.0, 0.0, 0.0, 0.0, 0.0, 0.0, 0.0, 0.0, 0.0, 0.0, 0.0, 0.0, 0.0, 0.0, 0.0, 0.0, 0.0, 0.0, 0.0, 0.0, 0.0, 0.0, 0.0, 0.0, 0.0, 0.0, 0.0, 0.0, 0.0], "5": [0.0, 0.0, 0.0, 0.0, 0.0, 0.0, 0.0, 0.0, 0.0424628892858744, 0.0, 0.0, 0.0032299294619566967, 0.029333318620082666, 0.0, 0.0, 0.0, 0.0, 0.0, 0.0, 0.0, 0.0, 0.0, 0.0, 0.0, 0.0, 0.0, 0.0, 0.0, 0.0, 0.0, 0.0, 0.0, 0.0, 0.0, 0.0, 0.0, 0.0, 0.0, 0.0, 0.0, 0.0, 0.0, 0.0, 0.0, 0.0, 0.0, 0.0, 0.0, 0.0, 0.0], "10": [0.0, 0.0, 0.0, 0.006467874250011272, 0.08617072139427306, 0.0, 0.0, 0.024786668401901073, 0.16475423450938123, 0.21577041422144574, 0.0, 0.0017242877545478423, 0.09630352968215765, 0.11693825690398132, 0.12924952256245506, 0.047696365616148, 0.12230296156317251, 0.12463180038040726, 0.11170478057370772, 0.10452580069678914, 0.22304150765258784, 0.06269992829371415, 0.10058685775860057, 0.1598548304391381, 0.0673764238236637, 0.08148782800494372, 0.11693825690398132, 0.10326647893084732, 0.08779828436979772, 0.04175592423685929, 0.0671514010825972, 0.10426521392419233, 0.1101535094738898, 0.10599635799083004, 0.054020676339168835, 0.11950487516755999, 0.00505933961128714, 0.2063387794388852, 0.10478059144492433, 0.0, 0.09383869253177309, 0.05351133931645201, 0.0, 0.0, 0.11403790458812801, 0.218684418465427, 0.06291228525507558, 0.07619053937442746, 0.11693825690398132, 0.21217279955542123], "15": [0.0, 0.1440555396496581, 0.08482959375721472, 0.004708017756100157, 0.1291435843578082, 0.0900958420448004, 0.10172184383564242, 0.016692750340094886, 0.1806636211985962, 0.16774070349139744, 0.27614881846758604, 0.0, 0.1861200324904746, 0.15516652959091107, 0.002152403095526113, 0.23019438761911298, 0.14852720226711968, 0.2706121589174936, 0.09856794514731256, 0.27355202296689046, 0.18237286903628716, 0.0, 0.0, 0.10994949012279229, 0.24954818514631202, 0.09732329741779427, 0.05969410705546713, 0.14936840084171404, 0.2714386897703398, 0.20004416772985817, 0.2901595433692062, 0.2603284403736176, 0.2777911387944121, 0.26726603639686186, 0.25074650453475716, 0.27396580046843166, 0.20354041365355718, 0.2736504899251045, 0.1776415693171999, 0.2671620674447434, 0.3382321126070624, 0.27721849710470986, 0.22412952686302207, 0.0, 0.3738927310757229, 0.16878835621771554, 0.13337022803075954, 0.25065868560057786, 0.24093150951093892, 0.22792303456641463], "20": [0.0, 0.0, 0.0, 0.0, 0.0, 0.0005726416897022355, 0.0, 0.039171032674132286, 0.0, 0.0, 0.0330221502796174, 0.0, 0.0, 0.0, 0.0014851512505195366, 0.0, 0.0, 0.0, 0.0, 0.008664396960703041, 0.015637161903857173, 0.20125273440806107, 0.0, 0.0, 0.16303773384202336, 0.17636884889091808, 0.007224596654986757, 0.03241918105549453, 0.0, 0.07177899883762316, 0.05771958125118476, 0.0, 0.08737761064254641, 0.05182340176570764, 0.008664396960703041, 0.0, 0.039102427640963666, 0.11388568101652945, 0.0, 0.016305347523702222, 0.035342842675051174, 0.04029538044880182, 0.0, 0.03376488621887523, 0.09334550952155739, 0.04249160600237039, 0.016014084587546707, 0.05997242120567867, 0.19323797418335054, 0.08118261575106439], "25": [0.0, 0.0, 0.0, 0.0, 0.0, 0.0, 0.0, 0.0, 0.0, 0.0, 0.0, 0.0, 0.0, 0.04718098809541598, 0.0, 0.0, 0.0, 0.0, 0.0, 0.0, 0.0, 0.0, 0.0035741883607676036, 0.0, 0.19262831648463155, 0.0, 0.0, 0.17286824909766396, 0.0, 0.0, 0.0, 0.09023906120104434, 0.0, 0.0, 0.0, 0.0, 0.0, 0.0, 0.03937257384761113, 0.0, 0.0, 0.0, 0.0, 0.0, 0.0, 0.047696365616148, 0.0, 0.0, 0.0, 0.0], "30": [0.0, 0.0, 0.0, 0.0, 0.0, 0.0, 0.008028128416589446, 0.0, 0.0, 0.0, 0.0, 0.0, 0.0, 0.03714048125377083, 0.0, 0.0, 0.0, 0.0, 0.0, 0.0, 0.0, 0.0, 0.0, 0.0, 0.0, 0.0, 0.0, 0.0, 0.0, 0.0, 0.0, 0.0, 0.0, 0.0, 0.0, 0.0, 0.0, 0.0, 0.0, 0.0, 0.0, 0.0, 0.0, 0.0, 0.0, 0.0, 0.0, 0.0, 0.0, 0.0], "35": [0.0, 0.01789000185835109, 0.2203143226182526, 0.0, 0.0, 0.0, 0.0, 0.0, 0.0, 0.0, 0.0, 0.0, 0.0, 0.0, 0.000515377520732012, 0.0, 0.0, 0.0, 0.006697848951860331, 0.0, 0.0, 0.0, 0.0, 0.0, 0.012441200540231625, 0.009472592157795234, 0.0953302426143447, 0.1066800861442923, 0.0022945816220502624, 0.19062202005102064, 0.08520541791037967, 0.0671514010825972, 0.0, 0.09383869253177309, 0.052725822595324115, 0.0, 0.11586073053755072, 0.0, 0.08778145857717422, 0.0051775850919338635, 0.01669789288177978, 0.012723576615092515, 0.13517995147641504, 0.0, 0.0, 0.0, 0.0, 0.0, 0.030406816129606513, 0.0], "40": [0.0, 0.0, 0.0, 0.0, 0.0, 0.0, 0.0, 0.0, 0.0, 0.0, 0.0, 0.0, 0.0, 0.0, 0.0, 0.0, 0.0, 0.0, 0.00505933961128714, 0.0, 0.0, 0.0, 0.0, 0.0, 0.0, 0.0, 0.0, 0.0, 0.0, 0.0, 0.0, 0.0, 0.0, 0.0, 0.0, 0.0, 0.0, 0.0, 0.0, 0.0, 0.0, 0.0, 0.0, 0.0, 0.0, 0.0, 0.0, 0.0, 0.0, 0.0], "45": [0.0, 0.0017242877545478423, 0.032320404031027886, 0.019220281323080204, 0.0, 0.0, 0.0, 0.0, 0.0, 0.0, 0.0, 0.0, 0.0, 0.0, 0.0, 0.0, 0.0, 0.0, 0.0, 0.0, 0.0, 0.039785202715233295, 0.0, 0.0, 0.0, 0.0, 0.0, 0.0, 0.0, 0.0, 0.0, 0.0, 0.058042314869853354, 0.0, 0.0, 0.0, 0.0, 0.0, 0.0, 0.0, 0.0, 0.0, 0.0, 0.0, 0.0, 0.0, 0.0, 0.0017242877545478423, 0.0, 0.010142485254846501], "50": [0.0, 0.009847709021836118, 0.028242953648100012, 0.010941898913151242, 0.034202926387072605, 0.02998201878858031, 0.029593694231370916, 0.05386807296913756, 0.10529613969705853, 0.0, 0.04112759778954775, 0.03644310067780699, 0.0, 0.07710329337169501, 0.0629844894864228, 0.13061053224672176, 0.12416107915533799, 0.14258236768831456, 0.07521624242629893, 0.1468571242607231, 0.0, 0.2777911387944121, 0.2715878887343509, 0.2178187175887334, 0.08741476583623434, 0.1471499764374896, 0.18166663757714765, 0.27691834243760327, 0.19380015528447508, 0.20516574140443095, 0.0, 0.2777911387944121, 0.2706121589174936, 0.0, 0.2777911387944121, 0.0, 0.17642450537107454, 0.111745787974536, 0.0, 0.0, 0.27721849710470986, 0.0, 0.27691834243760327, 0.0, 0.0, 0.11218693401371746, 0.16465530521502886, 0.24821790568158292, 0.2760668510398642, 0.19249586039366023], "55": [0.0, 0.03254387103131899, 0.0, 0.0, 0.0, 0.0, 0.0, 0.0, 0.0, 0.0, 0.006136865977717723, 0.013609605944812645, 0.023174441257781276, 0.10561245958800172, 0.08399098350993697, 0.03677687966404785, 0.3829878021904253, 0.0010880192104342475, 0.16738646308196659, 0.007779186304543791, 0.20431586754652775, 0.12216736580663738, 0.20908719566356826, 0.2139560060757538, 0.40113516183611264, 0.4614948433449929, 0.47100730820794856, 0.3441285726033131, 0.31320425610977354, 0.5177140794420746, 0.0, 0.4559485109826902, 0.43961011668249866, 0.4306884747760111, 0.27629830589961657, 0.2005942387950937, 0.3875176112052535, 0.2843304148684408, 0.4585607823944449, 0.471565527030001, 0.4572419177289446, 0.5177918474979244, 0.5414192750186556, 0.41567983013780935, 0.7253048930676094, 0.5964435626199421, 0.5531344155648932, 0.5095285731099638, 0.4629178017216608, 0.6260824734265229], "60": [0.0, 0.0032299294619566967, 0.0953302426143447, 0.0, 0.0, 0.0, 0.0, 0.0, 0.0, 0.0, 0.0, 0.0, 0.0, 0.0, 0.0, 0.0, 0.0, 0.0, 0.0, 0.0, 0.0, 0.0, 0.0, 0.0, 0.0056214884569857106, 0.0, 0.0, 0.0, 0.0, 0.0, 0.002152403095526113, 0.0, 0.0, 0.0, 0.009104343784616938, 0.0, 0.0, 0.00505933961128714, 0.0, 0.0, 0.0, 0.0, 0.0, 0.0, 0.0019029211544313502, 0.0, 0.012441200540231625, 0.01178480558167257, 0.22412952686302207, 0.0010880192104342475],