{"0": [0.0, 0.0, 0.0, 0.0, 0.0, 0.0, 0.0, 0.0, 0.0, 0.0, 0.0, 0.0, 0.0, 0.0, 0.0, 0.0, 0.0, 0.0, 0.0, 0.0, 0.0, 0.0, 0.0, 0.0, 0.0, 0.0, 0.0, 0.0, 0.0, 0.0, 0.0, 0.0, 0.0, 0.0, 0.0, 0.0, 0.0, 0.0, 0.0, 0.0, 0.0, 0.0, 0.0, 0.0, 0.0, 0.0, 0.0, 0.0, 0.0, 0.0], "5": [0.0, 0.0, 0.0, 0.0, 0.0, 0.0, 0.0, 0.0, 0.0, 0.0, 0.0, 0.0, 0.0, 0.0, 0.0, 0.0, 0.0, 0.0, 0.0, 0.0, 0.0, 0.0, 0.0, 0.0, 0.0, 0.0, 0.0, 0.0, 0.0, 0.0, 0.0, 0.0, 0.0, 0.0, 0.0, 0.0, 0.0, 0.0, 0.0, 0.0, 0.0, 0.0, 0.0, 0.0, 0.0, 0.0, 0.0, 0.0, 0.0, 0.0], "10": [0.0, 0.0, 0.007407076691300765, 0.09889573382381714, 0.0, 0.08096192787070691, 0.0, 0.10232331296754527, 0.06503224237458487, 0.0, 0.08231480869661176, 0.0, 0.0, 0.01073324071754965, 0.13088512918433778, 0.22821487454604172, 0.0, 0.11638223470616567, 0.0, 0.09383869253177309, 0.22068672236963974, 0.0, 0.0, 0.13044677408071126, 0.0, 0.22315975313323455, 0.0, 0.0, 0.15108496927950016, 0.0, 0.06247289463905257, 0.17081591217676007, 0.0, 0.25237248051112204, 0.1880516034159905, 0.026481670991646212, 0.05997242120567867, 0.0017242877545478423, 0.2203143226182526, 0.15826507375476329, 0.0, 0.05950868664697854, 0.12435888181713588, 0.19140502538622498, 0.038012201200175746, 0.10824395433048492, 0.222304726499882, 0.0, 0.17473264573358843, 0.018755410469957094], "15": [0.011509636765587705, 0.0, 0.0, 0.0, 0.0, 0.0, 0.0, 0.0, 0.0, 0.0, 0.0, 0.0, 0.0, 0.0, 0.0, 0.0, 0.000785516721127895, 0.0, 0.0, 0.0, 0.0, 0.0, 0.0, 0.0, 0.0, 0.0, 0.0, 0.0, 0.0, 0.0, 0.0, 0.0, 0.0, 0.0, 0.0, 0.0, 0.0, 0.0, 0.0, 0.0, 0.0, 0.0, 0.0, 0.0, 0.0, 0.0, 0.0, 0.0, 0.0, 0.0], "20": [0.0, 0.0, 0.0, 0.0, 0.0, 0.0, 0.0, 0.051799080758964125, 0.0, 0.0, 0.0, 0.0, 0.0, 0.0, 0.0, 0.0, 0.0, 0.0, 0.0, 0.0, 0.0, 0.0, 0.056755651680987826, 0.0, 0.0, 0.0, 0.0, 0.0, 0.0, 0.0, 0.0, 0.0, 0.0, 0.009847709021836118, 0.0, 0.0, 0.0, 0.0, 0.0, 0.0, 0.0, 0.0, 0.0, 0.0, 0.0, 0.0, 0.0, 0.0, 0.0, 0.0], "25": [0.0, 0.0, 0.0, 0.0, 0.0, 0.0, 0.0, 0.0, 0.0, 0.0, 0.0, 0.0, 0.0, 0.0, 0.0, 0.0, 0.0, 0.0, 0.0, 0.0, 0.0, 0.0, 0.0, 0.0, 0.0, 0.0, 0.0, 0.0, 0.0, 0.0, 0.0, 0.0, 0.0, 0.0, 0.0, 0.0, 0.0, 0.0, 0.0, 0.0, 0.0, 0.025347476518319374, 0.0, 0.0, 0.0, 0.0, 0.0, 0.0, 0.0, 0.0], "30": [0.0, 0.0, 0.0, 0.0, 0.0, 0.0, 0.0, 0.0, 0.0, 0.0, 0.0, 0.0, 0.0, 0.0, 0.0, 0.0, 0.0, 0.0, 0.0, 0.0, 0.0, 0.0, 0.0, 0.0, 0.0, 0.0, 0.0, 0.0, 0.0, 0.0, 0.0, 0.0, 0.0, 0.0, 0.0, 0.0, 0.0, 0.0, 0.0, 0.0, 0.0, 0.0, 0.0, 0.0, 0.0, 0.0, 0.0, 0.0, 0.0, 0.0], "35": [0.0, 0.0, 0.0, 0.0, 0.0, 0.0, 0.0, 0.0, 0.0, 0.0, 0.0, 0.0, 0.0, 0.0, 0.0, 0.0, 0.0, 0.0, 0.0, 0.0, 0.0, 0.0, 0.0, 0.0, 0.05108350226849804, 0.0, 0.0, 0.0, 0.0, 0.0, 0.0, 0.0, 0.0, 0.0, 0.0, 0.0, 0.0, 0.0, 0.0, 0.0, 0.0, 0.0, 0.0, 0.0, 0.0, 0.0, 0.0, 0.0, 0.0, 0.0], "40": [0.0, 0.0, 0.0, 0.21032954107713903, 0.0, 0.0, 0.0, 0.0, 0.0013302794647291145, 0.009847709021836118, 0.019186947113287327, 0.13044677408071126, 0.0, 0.0, 0.0, 0.0, 0.0, 0.013609605944812645, 0.04796903979236307, 0.025346065954065015, 0.0, 0.11511345654084124, 0.14128031320238232, 0.05663736934893937, 0.05352506294105762, 0.21271143115858188, 0.006136865977717723, 0.2777911387944121, 0.14888992143070373, 0.17918553290445272, 0.24686099917115115, 0.2157547720253286, 0.2727151346472935, 0.14676379443628937, 0.1561700157280083, 0.2554886132702646, 0.21916995095534006, 0.2532571989694218, 0.1642067779369904, 0.21087022690666993, 0.17484864749829215, 0.22412952686302207, 0.22806706539566818, 0.1795860948321656, 0.17282466053470297, 0.2450974970606134, 0.24118305724547393, 0.16213341931007777, 0.27671361242798154, 0.2568615353976401], "45": [0.0, 0.0, 0.0, 0.0, 0.0, 0.0, 0.0, 0.0, 0.0, 0.0, 0.008374754837693444, 0.0, 0.0, 0.0, 0.0036777240151773458, 0.012133333450066713, 0.0, 0.0, 0.029039129667593803, 0.01789000185835109, 0.0, 0.0, 0.0, 0.0, 0.0, 0.0, 0.0, 0.0, 0.0, 0.0, 0.0, 0.0, 0.0, 0.05997242120567867, 0.0, 0.0, 0.0, 0.0, 0.0, 0.0, 0.0, 0.015637161903857173, 0.0, 0.0, 0.0, 0.0, 0.0, 0.023054636142036188, 0.006136865977717723, 0.004089565881499615], "50": [0.0, 0.025103421728397125, 0.0, 0.0, 0.0, 0.0, 0.0, 0.0, 0.0, 0.0, 0.0, 0.0, 0.0, 0.0, 0.0, 0.0, 0.0, 0.0, 0.004543962090555128, 0.0, 0.0, 0.013812361540717097, 0.03101048925611327, 0.0, 0.0, 0.000515377520732012, 0.0, 0.0, 0.01512178438312516, 0.0, 0.1593521354156408, 0.02462243636921847, 0.008664396960703041, 0.00505933961128714, 0.029698440516337056, 0.08283933744509137, 0.01178480558167257, 0.1454562376104112, 0.08731469327321731, 0.1016142368951021, 0.0607001588381796, 0.050730055422015065, 0.0, 0.10896161259629404, 0.12413577138400707, 0.17484864749829215, 0.0, 0.1593521354156408, 0.26268139807656693, 0.17340258890927804], "55": [0.0, 0.0, 0.10192788901736512, 0.14745550749012123, 0.07928085481269072, 0.22412952686302207, 0.1454562376104112, 0.09059414091729877, 0.11350457308368882, 0.2777911387944121, 0.12498924950911572, 0.28084478153425707, 0.25609654810761645, 0.27868804400670494, 0.187493822852923, 0.23350778035724779, 0.2544224648416114, 0.13044677408071126, 0.2566506198216257, 0.36961288341151977, 0.3463637208238638, 0.2184940160898657, 0.17323340477535804, 0.3833707821639047, 0.44389847636249335, 0.4573772336265777, 0.4556865425177824, 0.22128639749749554, 0.45171440008454633, 0.48582384299698, 0.43430411870816243, 0.5186450753575469, 0.3969543568577848, 0.5046719766063723, 0.5011351489363063, 0.4236354878360725, 0.4194497900040897, 0.5004752276109231, 0.4026482612218138, 0.49474168578051564, 0.4326886610309361, 0.4244138250881358, 0.5515425152091558, 0.22185093799208241, 0.3820907649855204, 0.5440999890279489, 0.5179487495350067, 0.3000782121990276, 0.43161425601691317, 0.4745890276931181], "60": [0.01609012467007675, 0.062113570142322036, 0.1366543558464218, 0.07345825503735054, 0.0, 0.0, 0.000515377520732012, 0.0, 0.0, 0.0806543615535012, 0.0, 0.0, 0.0, 0.0, 0.0, 0.0, 0.0, 0.03426531630862059, 0.0, 0.0, 0.004322946123256185, 0.005929967247265, 0.08190571529291424, 0.0, 0.00525161210541183, 0.00831760689831819, 0.08057439967429607, 0.11693825690398132, 0.019567602649381215, 0.14494086008967919, 0.05997242120567867, 0.31719031235896966, 0.22342256181400696, 0.13630158181764745, 0.2668492398812608, 0.27528798328941884, 0.2393476352983271, 0.3263825873249611, 0.23828954006922634, 0.2081781874046416, 0.3709205524626065, 0.20642743358600954, 0.26285218944091815, 0.1806636211985962, 0.15114635251425543, 0.2713300569051854, 0.27691834243760327, 0.13396620826174901, 0.3578326285927999, 0.5273393239407241], "65": [0.0, 0.0, 0.0, 0.0, 0.0, 0.0, 0.0, 0.0, 0.0, 0.0, 0.0, 0.0, 0.0, 0.0, 0.0, 0.0, 0.0, 0.0, 0.0, 0.0, 0.0, 0.0, 0.0, 0.0, 0.0, 0.0, 0.0, 0.0, 0.0, 0.0, 0.0, 0.0, 0.0, 0.0, 0.0, 0.0, 0.0, 0.0, 0.0, 0.0, 0.0, 0.0, 0.0017242877545478423, 0.0, 0.0, 0.0, 0.0, 0.0, 0.0, 0.0], "70": [0.0, 0.07512804539028448, 0.1020234820361503, 0.17932135662377646, 0.13694697826876354, 0.10478059144492433, 0.0842731007995712, 0.22248720653619602, 0.0, 0.0, 0.0, 0.0, 0.0, 0.0, 0.0, 0.0, 0.0, 0.0, 0.0, 0.0, 0.0, 0.0, 0.0, 0.06439989241100019, 0.0, 0.0, 0.1454562376104112, 0.24981686585054802, 0.15333488523442007, 0.20125273440806107, 0.0040056192771287785, 0.06379356565882358, 0.0, 0.2193206870095406, 0.28542991109675475, 0.2641516431613119, 0.24870427362496086, 0.25398925132126565, 0.13044677408071126, 0.20354041365355718, 0.2696877365783593, 0.21595091293834848, 0.27397593454964264, 0.21455997866817222, 0.275966338431272, 0.24267251087220099, 0.123971076125994, 0.275966338431272, 0.22412952686302207, 0.21955952703141263],