{"0": [0.0, 0.0, 0.0, 0.0, 0.0, 0.0, 0.0, 0.0, 0.0, 0.0, 0.07309363957284591, 0.0, 0.0, 0.0, 0.0, 0.0, 0.0, 0.0, 0.0, 0.0, 0.0, 0.0, 0.0, 0.0, 0.0, 0.0, 0.0, 0.0, 0.0, 0.0, 0.0, 0.0, 0.0, 0.0, 0.0, 0.0, 0.0, 0.0, 0.0, 0.0, 0.16085288189043076, 0.0, 0.0, 0.0, 0.0, 0.0, 0.0, 0.0, 0.0, 0.0], "5": [0.0, 0.0, 0.0, 0.0, 0.0, 0.0, 0.0, 0.0, 0.0, 0.0, 0.0, 0.0, 0.0, 0.0, 0.0, 0.0, 0.0, 0.0, 0.0, 0.0, 0.012157665459056935, 0.0, 0.0, 0.0, 0.0, 0.0, 0.0, 0.0, 0.0, 0.0, 0.0, 0.0, 0.0, 0.0, 0.0, 0.0, 0.0, 0.0, 0.0, 0.0, 0.0, 0.0, 0.0, 0.0, 0.0, 0.0, 0.0, 0.0, 0.0, 0.0], "10": [0.0, 0.0, 0.0, 0.0, 0.06857412333223628, 0.06964994799157945, 0.0, 0.06857412333223628, 0.06857412333223628, 0.07619347036915142, 0.09681707698033629, 0.08180761345063638, 0.04569733087727527, 0.11334416404470589, 0.16674205203024556, 0.0776944167221214, 0.09681707698033629, 0.09681707698033629, 0.06293247754491835, 0.1193489354180977, 0.07588302975367177, 0.15800108381978778, 0.15633336564982114, 0.030185698876396504, 0.1193489354180977, 0.2563191071530941, 0.269827624329824, 0.22099555747225907, 0.14282484847309118, 0.3431342948534468, 0.3960650161426933, 0.3424034042113033, 0.19523196517176947, 0.2610512425622164, 0.2954938069656109, 0.30671357166460606, 0.406060392315136, 0.35956354041835237, 0.3948459344671314, 0.4481073807435971, 0.43594971528454013, 0.4682568299626017, 0.6150547590468642, 0.6385530913584637, 0.4359072127460246, 0.47191304412147944, 0.6961543128942271, 0.6734150353805788, 0.6620227539653853, 0.8949747116779847], "15": [0.0, 0.0, 0.0, 0.0, 0.0, 0.0, 0.0, 0.0, 0.0, 0.012157665459056935, 0.04067564616548678, 0.07588302975367177, 0.14445715308590806, 0.07588302975367177, 0.06964994799157945, 0.04569733087727527, 0.08180761345063638, 0.030185698876396504, 0.04569733087727527, 0.0, 0.05077481208586141, 0.07588302975367177, 0.1730105473494877, 0.15176605950734354, 0.1730105473494877, 0.0, 0.1730105473494877, 0.16085288189043076, 0.1730105473494877, 0.1193489354180977, 0.16260135259589764, 0.18968772904915426, 0.2469721807235256, 0.1730105473494877, 0.2386978708361954, 0.21892136671338897, 0.24716432036148897, 0.31777814105087543, 0.3460210946989754, 0.28020181730852844, 0.3460210946989754, 0.20849295799600256, 0.07653840438635102, 0.21582107838123438, 0.21368619351497448, 0.24889357710315946, 0.36824251252125717, 0.13150660087715466, 0.2641165291194854, 0.31777814105087543], "20": [0.0, 0.0, 0.0, 0.0, 0.0, 0.0, 0.1193489354180977, 0.06857412333223628, 0.0, 0.0, 0.04569733087727527, 0.04569733087727527, 0.09681707698033629, 0.0, 0.1730105473494877, 0.18802001087918763, 0.013508517176729929, 0.05283331162454371, 0.0, 0.0, 0.16539120031257257, 0.06857412333223628, 0.11983188992548019, 0.06857412333223628, 0.14734436471370085, 0.06443342389788834, 0.09681707698033629, 0.13037763371136812, 0.09089249328337169, 0.09681707698033629, 0.25676090602842055, 0.14686099842405415, 0.11969386943529729, 0.23402778237194255, 0.1305702308851806, 0.10443642401725142, 0.216166012398434, 0.1730105473494877, 0.16504626629537297, 0.14445715308590806, 0.05390913628388687, 0.2703161398747798, 0.36455129658749386, 0.2923594827675854, 0.4369135879823471, 0.20487634074056899, 0.1730105473494877, 0.2952112808382284, 0.2547482538412543, 0.4150156680578756], "25": [0.0, 0.0, 0.0, 0.0, 0.0, 0.0, 0.0, 0.0, 0.0, 0.0, 0.0, 0.0, 0.0, 0.0, 0.0, 0.0, 0.0, 0.0, 0.0, 0.0, 0.0, 0.0, 0.0, 0.0, 0.0, 0.0, 0.0, 0.0, 0.012157665459056935, 0.02287679245496101, 0.0, 0.0, 0.0, 0.0, 0.0, 0.0, 0.0, 0.012157665459056935, 0.16002458158358449, 0.04067564616548678, 0.1730105473494877, 0.1447675937013877, 0.07080596032734982, 0.015009463529699918, 0.21582107838123438, 0.3902798871130978, 0.19154074923800612, 0.4049519156946507, 0.3063701684154942, 0.34915541889700086], "30": [0.0, 0.0, 0.0, 0.0, 0.0, 0.0, 0.0, 0.0, 0.0, 0.0, 0.0, 0.0, 0.0, 0.0, 0.0, 0.0, 0.0, 0.0, 0.0, 0.0, 0.0, 0.0, 0.0, 0.0, 0.0, 0.0, 0.0, 0.0, 0.0, 0.0, 0.0, 0.0, 0.0, 0.0, 0.10657089710124712, 0.18082162224210205, 0.216166012398434, 0.26697582625918104, 0.32223474102850225, 0.21613110721444984, 0.34357618099950005, 0.5564760118870709, 0.3133270010010478, 0.400873125097129, 0.3635992328334662, 0.3995857545015118, 0.5697095020054709, 0.11655867591915854, 0.5451649913805433, 0.551516831656001], "35": [0.0, 0.0, 0.0, 0.0, 0.0, 0.0, 0.0, 0.0, 0.0, 0.0, 0.0, 0.0, 0.0, 0.0, 0.0, 0.0, 0.0, 0.0, 0.0, 0.0, 0.0, 0.0, 0.0, 0.0, 0.0, 0.012157665459056935, 0.0, 0.0, 0.0, 0.018530201888518415, 0.0, 0.0, 0.0, 0.08130544497945753, 0.030185698876396504, 0.04569733087727527, 0.09681707698033629, 0.09816792869800929, 0.218707878226763, 0.20392759440387684, 0.15939748068937282, 0.269827624329824, 0.15416990484548965, 0.1730105473494877, 0.17270010673400807, 0.23913975698224865, 0.19328921994347298, 0.20572191246085975, 0.2265752071520241, 0.39425404095650785], "40": [0.0, 0.0, 0.0, 0.0, 0.0, 0.0, 0.0, 0.0, 0.0, 0.0, 0.04067564616548678, 0.0, 0.0, 0.0, 0.0, 0.0, 0.0, 0.0, 0.0, 0.0, 0.0, 0.0, 0.0, 0.0, 0.0, 0.0, 0.0, 0.0, 0.0, 0.057352827865153354, 0.18516821280854465, 0.3460210946989754, 0.1730105473494877, 0.2923594827675854, 0.2322163954034929, 0.2641165291194854, 0.19867672998527458, 0.21368619351497448, 0.23500665490243203, 0.1973258782676016, 0.492227226863516, 0.4963329245229783, 0.5229149976201899, 0.27806693244226854, 0.479010297283417, 0.5972831035831312, 0.44342960765408607, 0.8908578091915217, 0.8689646682572368, 0.6336125709644396], "45": [0.0, 0.0, 0.0, 0.0, 0.0, 0.0, 0.0, 0.0, 0.0, 0.0, 0.0, 0.0, 0.0, 0.0, 0.0, 0.0, 0.0, 0.0, 0.0, 0.0, 0.0, 0.0, 0.0, 0.0, 0.0, 0.0, 0.0, 0.0, 0.0, 0.0, 0.0, 0.02716712898875685, 0.18516821280854465, 0.24889357710315946, 0.2773500192378855, 0.3460210946989754, 0.33386342923991846, 0.1388155072985901, 0.16085288189043076, 0.1193489354180977, 0.2764060518913801, 0.1730105473494877, 0.2641165291194854, 0.16764438615634872, 0.3460210946989754, 0.02431533091811387, 0.3731882236877323, 0.511412295011548, 0.418177494961734, 0.3195266117563423], "50": [0.0, 0.0, 0.0, 0.0, 0.0, 0.0, 0.0, 0.0, 0.0, 0.0, 0.0, 0.0, 0.0, 0.0, 0.0, 0.0, 0.0, 0.0, 0.0, 0.0, 0.0, 0.0, 0.0, 0.0, 0.0, 0.02716712898875685, 0.0, 0.09681707698033629, 0.0, 0.09816792869800929, 0.11686911653463819, 0.10924976949772307, 0.012157665459056935, 0.09681707698033629, 0.20065438039755526, 0.16036951560078408, 0.15625210474115528, 0.10924976949772307, 0.0880406952127287, 0.057352827865153354, 0.18155052232087251, 0.32458278986985073, 0.4334078494562112, 0.499502153904988, 0.43681663585349345, 0.4934968176725231, 0.39726266169886587, 0.36824251252125717, 0.6158487190287995, 0.5110673609943484], "55": [0.0, 0.0, 0.0, 0.012157665459056935, 0.0, 0.0, 0.0, 0.0, 0.0, 0.0, 0.0, 0.0, 0.0, 0.0, 0.0, 0.0, 0.0, 0.0, 0.0, 0.04569733087727527, 0.0, 0.0, 0.0, 0.0, 0.0, 0.0, 0.0, 0.0, 0.0, 0.012157665459056935, 0.02716712898875685, 0.0, 0.04067564616548678, 0.0, 0.0, 0.0, 0.0, 0.0, 0.07394028452537528, 0.06857412333223628, 0.09681707698033629, 0.06857412333223628, 0.09983564686797594, 0.09681707698033629, 0.09681707698033629, 0.07394028452537528, 0.0, 0.0, 0.1374927231458231, 0.10185965300493827], "60": [0.0, 0.0, 0.0, 0.0, 0.0, 0.0, 0.0, 0.0, 0.0, 0.0, 0.0, 0.0, 0.0, 0.0, 0.0, 0.0, 0.0, 0.0, 0.0, 0.0, 0.0, 0.0, 0.0, 0.0, 0.0, 0.0, 0.0, 0.0, 0.0, 0.0, 0.0, 0.0, 0.013508517176729929, 0.05641645787317935, 0.09681707698033629, 0.047048182594948265, 0.04569733087727527, 0.0, 0.02287679245496101, 0.09681707698033629, 0.028242953648100012, 0.08710432522075469, 0.14359023251695474, 0.1099811176757157, 0.09631490850915744, 0.13035674239855463, 0.20579181941972952, 0.1316035530060083, 0.2041052990682307, 0.13856854780516623],