{"0": [0.0, 0.0, 0.0, 0.0, 0.0, 0.0, 0.0, 0.0, 0.0, 0.0, 0.0, 0.0, 0.0, 0.0, 0.0, 0.0, 0.0, 0.0, 0.0, 0.0, 0.0, 0.0, 0.0, 0.0, 0.0, 0.0, 0.0, 0.0, 0.0, 0.0, 0.0, 0.0, 0.0, 0.0, 0.0, 0.0, 0.0, 0.0, 0.0, 0.0, 0.0, 0.0, 0.0, 0.0, 0.0, 0.0, 0.0, 0.0, 0.0, 0.0], "5": [0.0, 0.0, 0.0, 0.0, 0.0, 0.0, 0.0, 0.0, 0.0, 0.0, 0.0, 0.0, 0.0, 0.0, 0.0, 0.0, 0.0, 0.0, 0.0, 0.0, 0.0, 0.0, 0.0, 0.0, 0.0, 0.0, 0.0, 0.0, 0.0, 0.0, 0.0, 0.0, 0.0, 0.0, 0.0, 0.057352827865153354, 0.0, 0.0, 0.0, 0.0, 0.0, 0.0, 0.0, 0.0, 0.0, 0.0, 0.0, 0.0, 0.0, 0.0], "10": [0.0, 0.0, 0.0, 0.0, 0.0, 0.0, 0.0, 0.0, 0.0, 0.0, 0.0, 0.0, 0.0, 0.0, 0.0, 0.0, 0.02566618263578686, 0.0, 0.0, 0.0, 0.0, 0.0, 0.0, 0.0, 0.0, 0.0, 0.0, 0.0, 0.0, 0.0, 0.0, 0.057352827865153354, 0.057352827865153354, 0.0, 0.0, 0.04067564616548678, 0.09802847403064013, 0.02566618263578686, 0.0880406952127287, 0.0, 0.0, 0.07303123168302879, 0.1193489354180977, 0.1193489354180977, 0.2632415121430097, 0.29556784078486775, 0.2926345098259152, 0.09802847403064013, 0.012157665459056935, 0.6229907663625114], "15": [0.0, 0.0, 0.0, 0.0, 0.0, 0.0, 0.0, 0.0, 0.0, 0.0, 0.0, 0.0, 0.0, 0.0, 0.0, 0.0, 0.0, 0.0, 0.0, 0.0, 0.0, 0.0, 0.0, 0.0, 0.0, 0.0, 0.09647214296313668, 0.0, 0.0, 0.0, 0.0, 0.0, 0.0, 0.04067564616548678, 0.0, 0.0, 0.02566618263578686, 0.0880406952127287, 0.012157665459056935, 0.3186790974856996, 0.0, 0.0, 0.057352827865153354, 0.09647214296313668, 0.1193489354180977, 0.09802847403064013, 0.14507665662558838, 0.20975857078498836, 0.20510195138533027, 0.17782343529411024], "20": [0.0, 0.0, 0.0, 0.0, 0.0, 0.0, 0.0, 0.0, 0.0, 0.0, 0.0, 0.0, 0.0, 0.0, 0.0, 0.0, 0.0, 0.0, 0.0, 0.0, 0.0, 0.0, 0.0, 0.0, 0.0, 0.0, 0.0, 0.0, 0.10862980842219361, 0.0, 0.0, 0.0, 0.02566618263578686, 0.0, 0.07136351351306212, 0.03782384809484379, 0.0, 0.15633336564982114, 0.0, 0.1493054545876804, 0.3691434689560814, 0.09647214296313668, 0.013508517176729929, 0.03782384809484379, 0.24631680609084633, 0.17391150378431192, 0.19523196517176947, 0.08135129233097356, 0.7057814664747513, 0.242521040673698], "25": [0.0, 0.0, 0.0, 0.0, 0.0, 0.0, 0.0, 0.0, 0.0, 0.0, 0.0, 0.0, 0.0, 0.0, 0.0, 0.0, 0.0, 0.0, 0.0, 0.0, 0.0, 0.0, 0.0, 0.0, 0.0, 0.0, 0.0, 0.0, 0.0, 0.0, 0.0, 0.0, 0.02566618263578686, 0.0, 0.08146267943343675, 0.0, 0.0, 0.057352827865153354, 0.012157665459056935, 0.15013375489452668, 0.0, 0.012157665459056935, 0.12213832559892354, 0.04067564616548678, 0.20515733609986375, 0.1193489354180977, 0.21368619351497448, 0.34700994348798203, 0.0858708085715832, 0.3248163003511769], "30": [0.0, 0.0, 0.0, 0.0, 0.0, 0.0, 0.0, 0.0, 0.0, 0.0, 0.0, 0.0, 0.0, 0.0, 0.0, 0.0, 0.0, 0.0, 0.0, 0.0, 0.0, 0.0, 0.0, 0.0, 0.0, 0.0, 0.0, 0.0, 0.0, 0.0, 0.0, 0.0, 0.0, 0.0, 0.04067564616548678, 0.06951049332421029, 0.012157665459056935, 0.0, 0.012157665459056935, 0.02566618263578686, 0.08431447750407975, 0.11655867591915854, 0.012157665459056935, 0.17235517271680845, 0.06634182880127364, 0.11370687784851556, 0.06951049332421029, 0.2808735940365389, 0.26968816966245485, 0.14539352307788206], "35": [0.0, 0.0, 0.0, 0.0, 0.0, 0.0, 0.0, 0.0, 0.0, 0.0, 0.0, 0.0, 0.0, 0.0, 0.0, 0.0, 0.0, 0.0, 0.0, 0.0, 0.0, 0.0, 0.0, 0.0, 0.0, 0.0, 0.0, 0.0, 0.0, 0.0, 0.0, 0.0, 0.0, 0.0, 0.0, 0.0, 0.0, 0.17043377633717455, 0.10336059935790827, 0.09009960653367519, 0.1193489354180977, 0.05283331162454371, 0.2610512425622164, 0.20212042156654103, 0.10154921238945862, 0.37037652806940374, 0.3866967408644622, 0.26870977472031154, 0.5429666253922275, 0.5064026451871679], "40": [0.0, 0.0, 0.0, 0.0, 0.0, 0.0, 0.0, 0.0, 0.0, 0.0, 0.0, 0.0, 0.0, 0.0, 0.0, 0.0, 0.02566618263578686, 0.0, 0.0, 0.0, 0.0, 0.0, 0.05133236527157372, 0.04067564616548678, 0.0893915469304017, 0.09647214296313668, 0.04067564616548678, 0.06634182880127364, 0.057352827865153354, 0.02716712898875685, 0.2641165291194854, 0.03782384809484379, 0.0, 0.012157665459056935, 0.1193489354180977, 0.08301901050094021, 0.0, 0.3532330489915573, 0.4012643182481089, 0.16789104119073225, 0.16485412665740956, 0.05133236527157372, 0.16281397176441031, 0.51645487103615, 0.16616178444906177, 0.4053350124381083, 0.5181139844254286, 0.5291350879060336, 0.2602229422553701, 0.5866054567308205], "45": [0.0, 0.0, 0.0, 0.0, 0.0, 0.0, 0.0, 0.0, 0.0, 0.0, 0.0, 0.0, 0.0, 0.0, 0.0, 0.0, 0.0, 0.0, 0.0, 0.0, 0.0, 0.0, 0.0, 0.012157665459056935, 0.0, 0.0, 0.0, 0.0, 0.0, 0.0, 0.0, 0.0, 0.04067564616548678, 0.0, 0.16256644741191345, 0.0, 0.05418416334221671, 0.04067564616548678, 0.02566618263578686, 0.2023679459190379, 0.1706813006896714, 0.0797949612634701, 0.012157665459056935, 0.2564967245467212, 0.15221263737285684, 0.07849949426033057, 0.3330351289330722, 0.0880406952127287, 0.12213832559892354, 0.15013375489452668], "50": [0.0, 0.0, 0.0, 0.0, 0.0, 0.0, 0.0, 0.0, 0.0, 0.0, 0.0, 0.0, 0.0, 0.0, 0.0, 0.0, 0.0, 0.0, 0.0, 0.0, 0.0, 0.0, 0.0, 0.0, 0.0, 0.0, 0.0, 0.0, 0.09647214296313668, 0.0, 0.0, 0.0, 0.19523196517176947, 0.0, 0.0, 0.16598263628734697, 0.09647214296313668, 0.19867672998527458, 0.11917514042581737, 0.0, 0.07588302975367177, 0.33018333086242924, 0.10154921238945862, 0.04067564616548678, 0.1422248585549454, 0.02431533091811387, 0.0680095469712403, 0.1730105473494877, 0.4210408223709153, 0.40706513849789216], "55": [0.0, 0.0, 0.0, 0.0, 0.0, 0.0, 0.0, 0.0, 0.0, 0.0, 0.0, 0.0, 0.0, 0.0, 0.0, 0.0, 0.0, 0.0, 0.0, 0.0, 0.0, 0.0, 0.0, 0.0, 0.0, 0.0, 0.0893915469304017, 0.0, 0.1730105473494877, 0.02566618263578686, 0.09647214296313668, 0.2610512425622164, 0.0, 0.15692525916044464, 0.10019836067178564, 0.22803412855482477, 0.05283331162454371, 0.14539352307788206, 0.09647214296313668, 0.08135129233097356, 0.44412554227492895, 0.2861183045979708, 0.15573337573167534, 0.5103287857269467, 0.15509058361727585, 0.15588347036697234, 0.49946571795291606, 0.5328388835337814, 0.4539539610741696, 0.30337891567748204], "60": [0.0, 0.0, 0.0, 0.0, 0.0, 0.0, 0.0, 0.0, 0.0, 0.0, 0.0, 0.0, 0.0, 0.0, 0.0, 0.0, 0.0, 0.0, 0.0, 0.028517980706429847, 0.0, 0.0, 0.0, 0.0, 0.0, 0.0, 0.03782384809484379, 0.0, 0.0, 0.1422248585549454, 0.07588302975367177, 0.012157665459056935, 0.012157665459056935, 0.0, 0.012157665459056935, 0.09647214296313668, 0.045195162406096424, 0.0, 0.1695657825359826, 0.1193489354180977, 0.02431533091811387, 0.14651606440685455, 0.13268365760254727, 0.09512129124546367, 0.1884801544001972, 0.24148726101702125, 0.15097317275764705, 0.22518848434135216, 0.16040298660758195, 0.062139179012957665], "65": [0.0, 0.0, 0.0, 0.0, 0.0, 0.0, 0.0, 0.0, 0.0, 0.0, 0.0, 0.0, 0.0, 0.0, 0.0, 0.0, 0.0, 0.0, 0.0, 0.0, 0.0, 0.0, 0.0, 0.0, 0.0, 0.012157665459056935, 0.0, 0.0, 0.0, 0.04067564616548678, 0.0, 0.0, 0.0, 0.02566618263578686, 0.0, 0.16448168993437698, 0.04067564616548678, 0.18516821280854465, 0.25185344485893013, 0.0, 0.02566618263578686, 0.06784277515424363, 0.02431533091811387, 0.09802847403064013, 0.17235517271680845, 0.26663089224198144, 0.05283331162454371, 0.236732594226767, 0.42665547382556585, 0.42755643026039003], "70": [0.0, 0.0, 0.0, 0.0, 0.0, 0.0, 0.0, 0.0, 0.0, 0.0, 0.0, 0.0, 0.0, 0.0, 0.07588302975367177, 0.0, 0.0, 0.0, 0.0, 0.0, 0.0, 0.0, 0.0, 0.0, 0.0, 0.0, 0.0, 0.0, 0.012157665459056935, 0.012157665459056935, 0.02566618263578686, 0.1730105473494877, 0.0, 0.02566618263578686, 0.04067564616548678, 0.12369465666642698, 0.17235517271680845, 0.0, 0.04067564616548678, 0.12871634137821547, 0.18569076421937133, 0.0, 0.012157665459056935, 0.0880406952127287, 0.057352827865153354, 0.2192997717373865, 0.16955875936069892, 0.29605069870134876, 0.16281397176441031, 0.29604982938323543], "75": [0.0, 0.0, 0.0, 0.0, 0.0, 0.0, 0.0, 0.0, 0.0, 0.0, 0.0, 0.0, 0.0, 0.0, 0.0, 0.0, 0.0, 0.0, 0.0, 0.0, 0.0, 0.0, 0.0, 0.0, 0.0, 0.0, 0.0, 0.0, 0.0, 0.0, 0.0, 0.0, 0.02566618263578686, 0.13797608943546974, 0.1193489354180977, 0.0, 0.03932479444781378, 0.13260992824233075, 0.12213832559892354, 0.0, 0.1989517570436044, 0.057352827865153354, 0.2731739062463877, 0.1571727835129415, 0.0, 0.370954855924531, 0.2923594827675854, 0.14539352307788206, 0.1675389673548504, 0.10701747496676042],