{"0": [0.18029171890801127, 0.1531564539019897, 0.14645490937446126, 0.20349758249931185, 0.20248664363140662, 0.16967090535132662, 0.217505456680433, 0.20319655285796615, 0.206785446484907, 0.2333184593749577, 0.23287887348420636, 0.21829731957285006, 0.2102716794795456, 0.223489528021122, 0.24262292716183687, 0.23522500617589465, 0.232638953940521, 0.24288516933945817, 0.2636312907155537, 0.23334006968983406, 0.24447135379118315, 0.2418251955372253, 0.24874732701610155, 0.24103000072647876, 0.26469739135586473, 0.25168440784702356, 0.2631531570355865, 0.25745148523588957, 0.26146692279295664, 0.25413103160930217, 0.24558909386344113, 0.24502446316780635, 0.24867832507219137, 0.2656830246373332, 0.24624890573881963, 0.27082687241650183, 0.2799819362563728, 0.26653999424237557, 0.26286056254627704, 0.24851792764334274, 0.2808864444622856, 0.24724852507040607, 0.27411430573068196, 0.25920472505309555, 0.27433620930871117, 0.26708585028541587, 0.2717214735909025, 0.28537310079303085, 0.2805509602545597, 0.29335166476557417], "2": [0.1354142304202533, 0.14907258556659367, 0.14969862453349658, 0.20083040848075928, 0.1833667256635716, 0.21559362735394058, 0.2022645718051048, 0.191466908458369, 0.2287966446441337, 0.21135305851949332, 0.22655773025423911, 0.24013607438363363, 0.21511998480794758, 0.21495217019206392, 0.24274348207396407, 0.23913207434910677, 0.2331804192929206, 0.22324001181630412, 0.23561011595667794, 0.24128484208023415, 0.24584395525528172, 0.22737380664192217, 0.22849907634210864, 0.260532949159811, 0.27957093115768433, 0.294316810872687, 0.28472843591270486, 0.30104250998215243, 0.3028262954176765, 0.3088629434949879, 0.30953890552669594, 0.2993516019460085, 0.3246548945349813, 0.30752978781151863, 0.28424234219064154, 0.30651583509262403, 0.28864643502484083, 0.29962603868709015, 0.30561146913899145, 0.2956893699064162, 0.3136338594816679, 0.3281189361995388, 0.30600475119220966, 0.3237470018236766, 0.32510661378527905, 0.32470469318574013, 0.32659857159091216, 0.3438514984918611, 0.33320192912203356, 0.3264474001161044], "4": [0.09481780884647435, 0.15944553833444133, 0.1606996346212145, 0.15547512257294313, 0.1881808714851152, 0.16981847165378036, 0.1760511831507504, 0.18808164397025556, 0.1904913717507876, 0.1803974931867143, 0.17316886234710502, 0.1698527267465714, 0.18771861539775894, 0.16343841112829005, 0.14451161971647147, 0.15893043341312077, 0.17018460788253717, 0.16704431958124782, 0.18955815055641764, 0.1972807476017614, 0.1986716916058352, 0.2033534425436627, 0.21189434917616853, 0.21298738332908898, 0.23420425797695096, 0.2511281266200374, 0.27106743109621356, 0.2787741221137548, 0.2660267403062015, 0.25248310363090404, 0.2864126995093265, 0.2504434113006897, 0.2547934137174372, 0.2708741694846399, 0.2583531467612817, 0.2797145669173354, 0.2606785818458294, 0.27872942627201236, 0.2963840883849002, 0.30514531698073283, 0.2648532839367514, 0.28576060109065154, 0.30232741556562864, 0.2865107432073405, 0.2940110182535533, 0.298281608146725, 0.30354091738203254, 0.2986463220060972, 0.3013350442198276, 0.3082745975028934], "6": [0.1278407424477378, 0.16788030837399748, 0.14513310652292494, 0.1794460120519671, 0.16155512633192282, 0.16329367043765608, 0.1661327498232624, 0.17238074089770491, 0.2007324330236876, 0.20152345609138347, 0.19143030308917683, 0.19321952179487117, 0.2043724646984755, 0.20433111639523674, 0.18973388394783938, 0.18741293359777653, 0.2174729079108301, 0.23122289459749054, 0.21072361466810594, 0.2063028818155173, 0.2163036728750281, 0.23555807683920654, 0.22319730210816885, 0.21267480352907306, 0.20139724585515847, 0.23336113410746845, 0.2503769299447773, 0.23966229787693358, 0.21904459574654905, 0.21062930017193868, 0.2492096132618183, 0.2456245125419023, 0.26182194253936897, 0.27270485015654566, 0.2810908032611137, 0.2704660073549839, 0.2760402023951618, 0.28760934841893016, 0.27819105289084445, 0.2799479370090989, 0.29224091472679165, 0.29264261197152247, 0.3048628145789036, 0.29306327507480623, 0.3034547189584642, 0.32104125712850057, 0.2917904899815428, 0.32340886896928717, 0.30681503334160715, 0.3065374160410274], "8": [0.15093058217162672, 0.11696759504597966, 0.13169724615828002, 0.14013670389277216, 0.14713444746991736, 0.1109252800318739, 0.16692461452322857, 0.1621963763725299, 0.17549206564943534, 0.17453049418671682, 0.19733902525210995, 0.18939713240246142, 0.24373742693435727, 0.2418559598544868, 0.22182921351093896, 0.22037609030903815, 0.2092921581817563, 0.22333322778159714, 0.23906151174304657, 0.21507162308575786, 0.23609459001245076, 0.23943726418217384, 0.24873277353591078, 0.22544082005921642, 0.2620331804616323, 0.25919543576502524, 0.24802015735443197, 0.24117828909704106, 0.26845714688701117, 0.25535890096095365, 0.2732062478930163, 0.2832670658830927, 0.28515067649156806, 0.2950757160829382, 0.29389549759104056, 0.2743537944247388, 0.3011599519240826, 0.2967743181365752, 0.2884860112498492, 0.3227870513360323, 0.3066169585805947, 0.3044175165985072, 0.2992110285128706, 0.30264952823419683, 0.3125796674406888, 0.30584385936762915, 0.3208591075113924, 0.31829513575037593, 0.3185101367948545, 0.3164322739491383], "10": [0.15036313038777138, 0.10151145162319324, 0.10996908652265329, 0.11508344609348961, 0.12536572711808636, 0.14983673006007478, 0.14589636626353802, 0.15302648989448542, 0.1626032994934173, 0.15694607978606542, 0.1604836264215412, 0.19414732360197406, 0.19699123465726834, 0.21907276142453155, 0.21605435354180588, 0.2185513890074754, 0.22538596365024538, 0.2372792306698045, 0.24188447345311487, 0.23511854056857417, 0.2443716490440167, 0.24553957989003236, 0.25913346509015517, 0.24798367784118774, 0.2598515901105726, 0.2608552792176867, 0.27847627758014626, 0.28326551241216436, 0.28570393696993035, 0.27738490437789587, 0.2879162667192883, 0.28718583583717483, 0.279160988676688, 0.29453540087279534, 0.3063587954363785, 0.31224345859393193, 0.3014826591745463, 0.298250484389257, 0.3233008345188907, 0.29980657663496424, 0.3207831359806655, 0.3199181328792994, 0.3268882846325864, 0.33270394261444536, 0.3126758353564755, 0.31370976525869204, 0.3206002246173918, 0.3305357788008333, 0.3317919216278939, 0.3167036973336566], "12": [0.19129121963580029, 0.11825354756289422, 0.10744603615779305, 0.15217840223872964, 0.1480581552349453, 0.15201845689092702, 0.17807370825008134, 0.20244101316872803, 0.18975627287786673, 0.1988120935658898, 0.20056671855856378, 0.20602906146120847, 0.19677723010175607, 0.20485946418647444, 0.19041967927858683, 0.20242680955876036, 0.19403269302331283, 0.19744138032106862, 0.22038606065203178, 0.21984715557498483, 0.2383234373653964, 0.2468768578733296, 0.2325187577565988, 0.24300890509769707, 0.2518005211001679, 0.26208814256743596, 0.26061288687602563, 0.25035162689276796, 0.24716988242262727, 0.221252135195754, 0.26133189839200593, 0.2516026869187558, 0.2668924113204907, 0.279845658000003, 0.25723840458836195, 0.2707454545285405, 0.2782507416025483, 0.25661535287208026, 0.2876597626568259, 0.30806640540458013, 0.2786416483265871, 0.30062800957581237, 0.3137797031802073, 0.3092792446620572, 0.33335003726380963, 0.32771039091024434, 0.3098410718900527, 0.29261760204108017, 0.30590642940376866, 0.3070635745183068],